min_pts,quantil,eps,n_grupos,pct_ruido,maior_grupo_pct,silhueta
13,0.5,1.0793494326191315,1,23.75776397515528,76.24223602484471,
13,0.6,1.1558896654694868,1,17.546583850931675,82.45341614906832,
13,0.7,1.2431678616455542,1,11.490683229813664,88.50931677018633,
13,0.8,1.3711644862957015,1,5.745341614906832,94.25465838509317,
13,0.9,1.5724828270978741,1,2.329192546583851,97.67080745341615,
13,0.95,1.7536787908878866,1,1.0869565217391304,98.91304347826087,
13,0.99,2.1798727221942347,1,0.4658385093167702,99.53416149068323,
24,0.5,1.1871522625950544,1,19.40993788819876,80.59006211180125,
24,0.6,1.2717715184953224,1,14.285714285714285,85.71428571428571,
24,0.7,1.3568126331614203,1,8.385093167701864,91.61490683229813,
24,0.8,1.497230690525543,1,3.571428571428571,96.42857142857143,
24,0.9,1.6897496664411058,1,1.8633540372670807,98.13664596273291,
24,0.95,1.9035933874370339,1,0.7763975155279503,99.22360248447205,
24,0.99,2.3221312679468777,1,0.3105590062111801,99.68944099378882,
