algoritmo,k,soma_quadrados,silhueta,calinski_harabasz,davies_bouldin,menor_grupo,maior_grupo
kmeans,2,1629.8244839919523,0.13554344053963213,119.02918576975101,2.2162276627787856,302,342
kmeans,3,1500.7053082455209,0.12899499122961208,92.10998851527724,2.2098986149652404,76,290
kmeans,4,1389.9160313140856,0.1008613106003212,83.20256575283408,2.1693523845229765,66,217
kmeans,5,1327.846638369304,0.08952111981309319,72.68422175548041,2.3729893254283616,67,204
kmeans,6,1283.3957069348967,0.08831957687773535,64.48666404905272,2.3941926404502047,64,164
kmeans,7,1248.1628036191291,0.08859343889693486,58.16606252960373,2.3263866377818583,21,156
kmeans,8,1217.5802382320408,0.08403059808629477,53.310768618558306,2.2531294107109052,23,145
kmeans,9,1188.609449966078,0.07652844692777233,49.64340886792256,2.3106932858438824,21,116
kmeans,10,1164.844095638758,0.07311778554220755,46.3940811369855,2.3361780483917367,20,111
ward,2,1670.3945586809546,0.1136276328456393,100.54552228633412,2.2974919007518553,238,406
ward,3,1539.8960609483804,0.11199042394046443,81.60895767773296,2.297456195800432,73,333
ward,4,1458.8470473880898,0.09376812954668774,69.19114429297338,2.4387664483375264,73,257
ward,5,1398.873827966174,0.07688135012159478,60.882478662302276,2.4955871824965157,73,257
ward,6,1359.180786804765,0.03287613428054827,53.776313138990105,2.7408221884136044,73,169
ward,7,1322.0889276435012,0.031489846026468586,48.977208840706616,2.6191455080559467,38,169
ward,8,1287.671904535932,0.03594516186170859,45.463296675365186,2.417608942524323,4,169
ward,9,1258.145856876602,0.04102949381843646,42.51269621727624,2.299211620870345,4,169
ward,10,1232.19508141199,0.043166577614649336,40.00776293712474,2.2355872320620302,4,155
