codigo_ibge,ano,n_ocorrencias,n_via_publica,n_periodo_conhecido,n_noturno
3500105,2026,353,188,59,25
3500204,2026,31,7,11,4
3500303,2026,351,199,73,30
3500402,2026,73,47,20,11
3500501,2026,121,74,50,20
3500550,2026,82,26,34,14
3500600,2026,28,12,5,0
3500709,2026,384,203,114,60
3500758,2026,39,17,15,7
3500808,2026,34,12,12,5
3500907,2026,36,15,17,9
3501004,2026,150,63,42,22
3501103,2026,15,4,3,0
3501152,2026,129,52,36,15
3501202,2026,37,12,12,5
3501301,2026,227,78,98,41
3501400,2026,39,7,10,4
3501509,2026,14,5,5,2
3501608,2026,3039,1996,871,446
3501707,2026,263,132,97,53
3501806,2026,37,17,10,5
3501905,2026,559,283,163,77
3502002,2026,53,16,11,6
3502101,2026,783,364,215,110
3502200,2026,210,70,90,54
3502309,2026,63,29,19,10
3502408,2026,37,10,10,3
3502507,2026,568,391,178,56
3502606,2026,39,14,9,6
3502705,2026,211,95,90,50
3502754,2026,290,129,108,63
3502804,2026,2715,1535,722,356
3502903,2026,312,149,107,50
3503000,2026,73,33,24,14
3503109,2026,36,12,20,6
3503158,2026,23,14,8,6
3503208,2026,3241,2009,1046,506
3503307,2026,1610,1086,445,212
3503356,2026,15,6,4,2
3503406,2026,89,33,25,14
3503505,2026,34,20,16,9
3503604,2026,62,23,18,13
3503703,2026,64,26,27,13
3503802,2026,565,329,170,77
3503901,2026,968,660,321,149
3503950,2026,10,0,3,1
3504008,2026,1265,666,429,196
3504107,2026,1383,688,530,292
3504206,2026,98,41,37,23
3504305,2026,52,20,16,7
3504404,2026,92,30,28,14
3504503,2026,1014,445,312,152
3504602,2026,262,118,76,31
3504701,2026,39,7,5,4
3504800,2026,61,15,31,13
3504909,2026,59,21,22,8
3505005,2026,17,10,8,5
3505104,2026,57,17,17,8
3505203,2026,331,148,153,61
3505302,2026,322,166,94,57
3505351,2026,6,3,4,2
3505401,2026,85,30,35,9
3505500,2026,1565,738,489,230
3505609,2026,200,95,55,35
3505708,2026,4166,3158,1531,667
3505807,2026,215,76,58,33
3505906,2026,597,343,192,96
3506003,2026,5894,3515,2414,1376
3506102,2026,762,424,181,87
3506201,2026,10,3,4,2
3506300,2026,132,60,44,24
3506359,2026,1175,800,426,221
3506409,2026,38,16,7,4
3506508,2026,1270,652,292,157
3506607,2026,179,74,40,28
3506706,2026,116,39,41,20
3506805,2026,96,36,25,15
3506904,2026,103,47,32,14
3507001,2026,746,469,248,131
3507100,2026,211,100,70,37
3507159,2026,25,9,0,0
3507209,2026,3,1,2,1
3507308,2026,42,21,12,9
3507407,2026,151,47,29,20
3507456,2026,21,7,11,4
3507506,2026,1718,866,495,220
3507605,2026,1673,922,504,288
3507704,2026,27,10,1,1
3507753,2026,17,7,7,7
3507803,2026,216,107,70,41
3507902,2026,213,95,61,40
3508009,2026,244,112,103,43
3508108,2026,151,53,49,26
3508207,2026,59,35,15,10
3508306,2026,32,12,14,4
3508405,2026,358,210,123,53
3508504,2026,1125,796,464,287
3508603,2026,268,149,107,52
3508702,2026,122,65,29,21
3508801,2026,100,38,27,14
3508900,2026,35,13,11,5
3509007,2026,779,515,247,116
3509106,2026,21,8,4,2
3509205,2026,1162,778,395,172
3509254,2026,333,152,118,46
3509304,2026,88,42,27,17
3509403,2026,232,101,64,30
3509452,2026,56,19,21,10
3509502,2026,17968,13414,7197,3578
3509601,2026,704,470,231,92
3509700,2026,634,392,191,104
3509809,2026,34,11,17,11
3509908,2026,160,68,73,36
3509957,2026,50,20,22,11
3510005,2026,244,103,94,47
3510104,2026,19,9,5,4
3510153,2026,79,30,22,11
3510203,2026,352,139,158,63
3510302,2026,181,80,68,30
3510401,2026,487,281,113,55
3510500,2026,2134,1299,878,429
3510609,2026,4923,3692,1907,945
3510708,2026,109,49,27,12
3510807,2026,295,125,101,49
3510906,2026,35,17,18,13
3511003,2026,204,80,59,28
3511102,2026,1363,732,325,126
3511201,2026,53,28,10,5
3511300,2026,130,51,35,17
3511409,2026,270,96,63,23
3511508,2026,415,247,144,62
3511607,2026,147,77,68,33
3511706,2026,105,45,28,16
3511904,2026,42,16,9,6
3512001,2026,158,59,61,26
3512100,2026,94,36,32,18
3512209,2026,286,152,121,57
3512308,2026,123,54,63,16
3512407,2026,283,132,106,75
3512506,2026,46,18,10,7
3512605,2026,33,9,9,6
3512704,2026,43,15,10,8
3512803,2026,647,443,124,60
3512902,2026,78,38,22,14
3513009,2026,3273,2473,1156,556
3513108,2026,289,146,85,45
3513207,2026,80,29,27,16
3513306,2026,7,2,3,3
3513405,2026,653,323,200,113
3513504,2026,1256,870,426,206
3513603,2026,108,53,27,8
3513702,2026,250,82,108,59
3513801,2026,5046,3929,1799,829
3513850,2026,13,8,6,3
3513900,2026,73,14,29,13
3514007,2026,41,26,6,3
3514106,2026,236,88,65,40
3514205,2026,28,15,4,3
3514304,2026,58,19,21,16
3514403,2026,579,290,119,58
3514502,2026,91,35,32,15
3514601,2026,40,21,6,4
3514700,2026,23,9,2,1
3514809,2026,126,49,43,21
3514908,2026,123,67,32,22
3514924,2026,12,3,4,2
3514957,2026,14,4,3,2
3515004,2026,3199,2400,1174,621
3515103,2026,642,416,199,103
3515129,2026,20,1,6,2
3515152,2026,111,51,43,21
3515186,2026,385,228,92,42
3515194,2026,41,14,13,6
3515202,2026,87,23,31,17
3515301,2026,18,7,5,2
3515350,2026,54,10,27,8
3515400,2026,137,51,38,18
3515509,2026,631,289,157,75
3515608,2026,44,16,21,10
3515657,2026,21,6,11,6
3515707,2026,2017,1467,803,400
3515806,2026,14,1,1,0
3515905,2026,22,6,7,6
3516002,2026,89,29,23,16
3516101,2026,28,12,14,10
3516200,2026,4734,2869,1658,972
3516309,2026,1703,1175,650,315
3516408,2026,1749,1110,679,313
3516507,2026,14,6,3,2
3516606,2026,100,37,34,21
3516705,2026,456,233,114,53
3516804,2026,21,11,6,3
3516853,2026,27,12,10,6
3516903,2026,96,46,23,16
3517000,2026,57,13,18,9
3517109,2026,35,10,13,7
3517208,2026,132,52,36,20
3517307,2026,63,18,15,7
3517406,2026,536,276,140,75
3517505,2026,169,57,60,31
3517604,2026,118,56,57,30
3517703,2026,304,172,125,81
3517802,2026,36,7,15,8
3517901,2026,112,37,28,13
3518008,2026,24,11,7,2
3518107,2026,85,27,11,6
3518206,2026,270,142,75,46
3518305,2026,291,144,120,58
3518404,2026,1107,624,399,186
3518503,2026,112,38,26,9
3518602,2026,324,190,129,56
3518701,2026,4217,3126,1592,685
3518800,2026,16983,13479,7098,3378
3518859,2026,134,81,53,21
3518909,2026,45,14,32,15
3519006,2026,93,30,26,12
3519055,2026,108,69,17,9
3519071,2026,2729,1845,804,348
3519105,2026,117,34,32,16
3519204,2026,50,23,14,10
3519253,2026,57,24,17,7
3519303,2026,384,229,157,90
3519402,2026,87,55,27,12
3519501,2026,83,38,21,10
3519600,2026,715,322,272,123
3519709,2026,836,431,284,161
3519808,2026,73,13,19,12
3519907,2026,40,9,12,7
3520004,2026,285,229,96,53
3520103,2026,349,212,73,44
3520202,2026,119,64,56,22
3520301,2026,335,160,146,76
3520400,2026,539,255,259,128
3520426,2026,305,153,124,68
3520442,2026,228,100,84,39
3520509,2026,2309,1461,804,369
3520608,2026,38,15,17,6
3520707,2026,60,20,9,4
3520806,2026,4,0,1,0
3520905,2026,92,32,44,21
3521002,2026,261,104,118,65
3521101,2026,70,20,24,13
3521150,2026,37,9,12,4
3521200,2026,40,14,16,9
3521309,2026,264,34,48,26
3521408,2026,161,92,45,26
3521507,2026,57,15,13,8
3521606,2026,45,15,14,7
3521705,2026,108,35,58,31
3521804,2026,240,69,50,25
3521903,2026,146,67,45,17
3522000,2026,25,6,8,2
3522109,2026,2589,1843,1191,497
3522158,2026,10,4,7,3
3522208,2026,2398,1879,850,491
3522307,2026,2090,1169,597,323
3522406,2026,945,446,338,170
3522505,2026,2624,1937,1048,547
3522604,2026,615,377,152,70
3522653,2026,14,5,4,2
3522703,2026,512,247,104,45
3522802,2026,94,35,22,14
3522901,2026,124,41,58,31
3523008,2026,32,9,9,4
3523107,2026,4047,2950,1500,740
3523206,2026,420,193,96,50
3523305,2026,111,43,39,17
3523404,2026,1017,603,305,150
3523503,2026,146,60,32,20
3523602,2026,170,57,41,22
3523701,2026,98,76,11,6
3523800,2026,79,28,25,20
3523909,2026,1562,784,560,258
3524006,2026,682,393,271,132
3524105,2026,396,183,83,52
3524204,2026,47,23,22,11
3524303,2026,719,425,230,124
3524402,2026,2207,1374,745,385
3524501,2026,47,14,14,9
3524600,2026,183,71,78,24
3524709,2026,586,345,179,92
3524808,2026,726,392,162,65
3524907,2026,58,23,29,20
3525003,2026,1068,700,382,192
3525102,2026,407,197,153,78
3525201,2026,341,208,98,56
3525300,2026,1682,986,555,327
3525409,2026,103,65,20,15
3525508,2026,92,45,40,23
3525607,2026,35,14,10,9
3525706,2026,513,233,146,84
3525805,2026,41,8,13,9
3525854,2026,21,8,16,15
3525904,2026,4686,3361,1629,741
3526001,2026,200,78,42,14
3526100,2026,245,110,104,51
3526209,2026,320,162,135,75
3526308,2026,30,16,17,9
3526407,2026,255,132,87,46
3526506,2026,98,4,22,1
3526605,2026,50,28,21,10
3526704,2026,1179,762,225,107
3526803,2026,712,439,184,93
3526902,2026,3479,2445,1210,652
3527009,2026,56,27,27,10
3527108,2026,874,405,241,117
3527207,2026,839,522,220,112
3527256,2026,6,1,3,2
3527306,2026,406,251,116,57
3527405,2026,194,68,46,24
3527504,2026,15,7,2,1
3527603,2026,99,57,25,18
3527702,2026,22,5,14,6
3527801,2026,17,10,6,3
3527900,2026,19,9,5,3
3528007,2026,95,40,51,28
3528106,2026,40,11,15,8
3528205,2026,10,3,1,1
3528304,2026,27,9,9,7
3528403,2026,448,193,163,71
3528502,2026,987,666,371,188
3528601,2026,80,26,25,13
3528700,2026,30,9,8,4
3528809,2026,99,22,29,12
3528858,2026,27,10,10,5
3528908,2026,22,10,5,5
3529005,2026,3014,1700,954,494
3529104,2026,20,11,4,3
3529203,2026,203,75,74,32
3529302,2026,741,394,266,145
3529401,2026,4284,3287,1761,821
3529500,2026,65,24,30,13
3529609,2026,28,15,10,4
3529658,2026,15,6,5,3
3529708,2026,255,123,85,46
3529807,2026,94,36,34,22
3529906,2026,239,98,70,32
3530003,2026,28,11,9,4
3530102,2026,196,70,40,17
3530201,2026,152,41,49,33
3530300,2026,589,297,165,82
3530409,2026,43,18,12,6
3530508,2026,866,480,211,130
3530607,2026,4876,3360,1997,995
3530706,2026,2057,1255,612,333
3530805,2026,1062,609,382,184
3530904,2026,23,5,7,3
3531001,2026,12,7,5,3
3531100,2026,1565,1053,680,277
3531209,2026,52,18,10,3
3531308,2026,474,285,119,61
3531407,2026,205,82,54,30
3531506,2026,155,54,24,16
3531605,2026,40,11,12,8
3531704,2026,33,18,13,8
3531803,2026,479,243,213,89
3531902,2026,481,310,98,45
3532009,2026,76,34,32,21
3532058,2026,30,14,4,1
3532108,2026,23,10,5,3
3532157,2026,15,4,9,5
3532207,2026,58,20,22,9
3532306,2026,40,17,18,11
3532405,2026,133,64,56,32
3532504,2026,44,16,7,2
3532603,2026,72,21,24,17
3532702,2026,19,2,5,1
3532801,2026,64,20,15,12
3532827,2026,68,34,26,14
3532843,2026,11,4,2,1
3532868,2026,12,3,2,2
3532900,2026,78,23,22,14
3533007,2026,164,39,47,23
3533106,2026,5,3,2,1
3533205,2026,37,12,13,6
3533254,2026,20,8,9,7
3533304,2026,22,5,8,4
3533403,2026,633,383,217,103
3533502,2026,359,137,110,49
3533601,2026,95,38,16,12
3533700,2026,27,12,7,2
3533809,2026,15,7,5,0
3533908,2026,559,259,175,84
3534005,2026,44,16,11,3
3534104,2026,31,13,8,2
3534203,2026,29,6,12,7
3534302,2026,323,182,72,47
3534401,2026,10614,8382,4363,2102
3534500,2026,11,4,3,1
3534609,2026,257,128,52,21
3534708,2026,1385,722,464,201
3534757,2026,106,42,41,17
3534807,2026,64,23,11,4
3534906,2026,114,28,24,6
3535002,2026,79,19,37,17
3535101,2026,70,25,12,4
3535200,2026,51,25,21,9
3535309,2026,211,69,84,46
3535408,2026,162,57,53,23
3535507,2026,398,156,128,77
3535606,2026,174,83,66,37
3535705,2026,27,15,9,2
3535804,2026,196,85,44,20
3535903,2026,42,17,16,10
3536000,2026,82,20,30,12
3536109,2026,71,30,20,11
3536208,2026,206,89,91,36
3536257,2026,44,10,15,5
3536307,2026,203,107,57,36
3536406,2026,51,22,14,8
3536505,2026,1286,791,476,257
3536570,2026,22,10,6,3
3536604,2026,56,11,6,3
3536703,2026,595,289,180,88
3536802,2026,31,6,14,5
3536901,2026,10,0,1,1
3537008,2026,155,61,52,27
3537107,2026,344,176,74,34
3537156,2026,16,7,2,1
3537206,2026,91,30,35,19
3537305,2026,659,323,162,86
3537404,2026,277,106,88,39
3537503,2026,71,31,21,15
3537602,2026,1510,981,691,284
3537701,2026,23,4,5,5
3537800,2026,422,206,142,81
3537909,2026,177,90,54,33
3538006,2026,1654,1027,611,333
3538105,2026,106,49,26,10
3538204,2026,112,56,47,28
3538303,2026,18,10,2,1
3538501,2026,50,21,15,6
3538600,2026,206,77,60,29
3538709,2026,4283,2131,1412,709
3538808,2026,231,79,88,39
3538907,2026,195,50,46,17
3539004,2026,74,26,25,14
3539103,2026,168,87,51,27
3539202,2026,264,92,69,35
3539301,2026,707,407,198,110
3539400,2026,129,61,44,21
3539509,2026,241,139,81,48
3539608,2026,42,7,8,5
3539707,2026,13,5,2,2
3539806,2026,1391,1023,556,280
3539905,2026,32,14,15,5
3540002,2026,105,53,16,5
3540101,2026,31,12,8,6
3540200,2026,275,150,81,45
3540259,2026,32,15,12,6
3540309,2026,24,14,10,5
3540408,2026,32,10,20,7
3540507,2026,83,39,21,8
3540606,2026,530,308,160,72
3540705,2026,643,385,181,97
3540754,2026,159,68,56,28
3540804,2026,210,147,66,36
3540853,2026,17,3,1,1
3540903,2026,149,64,64,43
3541000,2026,7842,5905,3424,1651
3541059,2026,52,22,23,13
3541109,2026,23,10,6,3
3541208,2026,98,29,17,6
3541307,2026,455,289,90,44
3541406,2026,2757,1352,800,408
3541505,2026,346,162,76,44
3541604,2026,337,142,122,60
3541653,2026,29,10,15,8
3541703,2026,109,45,20,10
3541802,2026,32,10,7,2
3541901,2026,95,42,40,18
3542008,2026,30,5,13,5
3542107,2026,52,29,15,10
3542206,2026,336,146,75,47
3542305,2026,33,14,9,6
3542404,2026,189,76,47,28
3542503,2026,32,11,7,3
3542602,2026,609,260,191,88
3542701,2026,84,31,28,15
3542800,2026,16,5,10,2
3542909,2026,101,43,33,15
3543006,2026,104,37,62,30
3543105,2026,56,30,29,12
3543204,2026,27,9,10,6
3543238,2026,5,3,0,0
3543253,2026,23,14,13,5
3543303,2026,889,632,321,152
3543402,2026,9280,6872,3347,1758
3543501,2026,52,21,13,11
3543600,2026,65,34,16,8
3543709,2026,81,46,23,12
3543808,2026,49,12,16,9
3543907,2026,2322,1249,682,325
3544004,2026,230,89,66,40
3544103,2026,380,236,110,50
3544202,2026,85,26,22,10
3544251,2026,174,55,56,31
3544301,2026,106,46,37,20
3544400,2026,13,5,5,2
3544509,2026,29,11,7,4
3544608,2026,45,11,21,9
3544707,2026,9,3,3,2
3544806,2026,69,31,26,10
3544905,2026,106,47,23,10
3545001,2026,109,51,49,27
3545100,2026,20,10,5,3
3545159,2026,49,20,11,5
3545209,2026,1009,509,488,252
3545308,2026,347,161,146,66
3545407,2026,96,44,38,23
3545506,2026,27,5,6,3
3545605,2026,109,54,30,14
3545704,2026,41,13,13,3
3545803,2026,1684,1063,497,245
3546009,2026,131,70,50,34
3546108,2026,25,5,7,3
3546207,2026,33,13,6,3
3546256,2026,20,14,4,2
3546306,2026,203,121,76,41
3546405,2026,543,251,153,77
3546504,2026,40,16,11,6
3546603,2026,401,190,104,54
3546702,2026,175,74,55,26
3546801,2026,463,269,147,71
3546900,2026,50,23,21,7
3547007,2026,34,16,8,5
3547106,2026,20,9,3,3
3547205,2026,13,2,5,4
3547304,2026,1164,725,481,191
3547403,2026,6,3,2,2
3547502,2026,208,98,64,35
3547601,2026,215,112,63,30
3547650,2026,12,3,6,2
3547700,2026,121,57,28,20
3547809,2026,11745,9729,4601,2327
3547908,2026,69,26,23,12
3548005,2026,247,145,100,34
3548054,2026,84,29,45,25
3548104,2026,40,17,9,7
3548203,2026,47,25,21,14
3548302,2026,30,9,15,9
3548401,2026,39,12,11,6
3548500,2026,6175,4588,2472,1165
3548609,2026,43,28,19,8
3548708,2026,10178,8161,3717,1796
3548807,2026,1480,1155,618,260
3548906,2026,2774,1745,1040,582
3549003,2026,16,8,5,3
3549102,2026,1030,574,299,165
3549201,2026,12,4,1,1
3549250,2026,14,2,4,1
3549300,2026,7,2,5,1
3549409,2026,964,698,179,93
3549508,2026,117,64,20,14
3549607,2026,29,11,11,6
3549706,2026,502,368,129,78
3549805,2026,8003,4949,2987,1546
3549904,2026,6295,4356,2568,1324
3549953,2026,134,80,62,28
3550001,2026,68,24,15,9
3550100,2026,417,194,88,42
3550209,2026,250,137,106,51
3550308,2026,260355,212220,111766,51557
3550407,2026,308,151,111,58
3550506,2026,55,21,16,7
3550605,2026,737,357,237,120
3550704,2026,1294,764,605,304
3550803,2026,92,27,32,16
3550902,2026,149,68,46,28
3551009,2026,4838,3828,2035,985
3551108,2026,109,35,24,12
3551207,2026,27,12,3,2
3551306,2026,9,1,5,2
3551405,2026,129,43,29,12
3551504,2026,400,218,122,67
3551603,2026,259,119,66,28
3551702,2026,1280,828,401,223
3551801,2026,110,34,36,16
3551900,2026,126,56,45,25
3552007,2026,36,17,17,8
3552106,2026,287,108,87,39
3552205,2026,9320,5357,3946,2141
3552304,2026,49,17,26,12
3552403,2026,2968,1979,1068,521
3552502,2026,3677,2588,1373,629
3552551,2026,25,9,4,0
3552601,2026,82,29,26,16
3552700,2026,176,52,113,51
3552809,2026,3352,2528,1188,622
3552908,2026,44,12,14,7
3553005,2026,65,18,11,5
3553104,2026,38,8,9,5
3553203,2026,26,9,5,1
3553302,2026,242,101,50,18
3553401,2026,265,106,64,35
3553500,2026,66,22,16,4
3553609,2026,83,34,31,16
3553658,2026,16,4,7,6
3553708,2026,602,307,203,112
3553807,2026,244,83,68,41
3553856,2026,39,7,11,7
3553906,2026,41,14,12,3
3553955,2026,92,24,17,6
3554003,2026,1181,736,386,188
3554102,2026,3367,2352,1294,679
3554201,2026,28,10,6,2
3554300,2026,329,112,96,48
3554409,2026,63,28,22,9
3554508,2026,281,130,96,57
3554607,2026,11,4,3,3
3554656,2026,13,7,3,3
3554706,2026,90,38,25,16
3554755,2026,5,2,2,1
3554805,2026,410,182,147,62
3554904,2026,64,24,11,5
3554953,2026,59,26,27,17
3555000,2026,734,354,172,88
3555109,2026,133,45,27,10
3555208,2026,14,6,9,6
3555307,2026,15,4,3,2
3555356,2026,54,19,12,8
3555406,2026,1613,1089,867,349
3555505,2026,42,9,25,11
3555604,2026,85,27,24,7
3555703,2026,11,6,2,0
3555802,2026,83,47,26,12
3555901,2026,12,3,2,1
3556008,2026,101,29,36,26
3556107,2026,113,53,22,11
3556206,2026,1159,732,378,156
3556305,2026,240,70,70,31
3556354,2026,84,37,33,14
3556404,2026,447,230,107,63
3556453,2026,412,260,126,67
3556503,2026,1036,637,316,156
3556602,2026,81,29,31,17
3556701,2026,670,397,277,113
3556800,2026,122,53,34,18
3556909,2026,40,13,7,5
3556958,2026,15,8,3,0
3557006,2026,1061,602,419,212
3557105,2026,1168,671,269,134
3557154,2026,16,4,3,3
3557204,2026,166,67,44,25
3557303,2026,163,100,54,28
