variavel,tipo,H,p_valor,epsilon2
prop_via_publica,validacao_externa,229.21582107668527,2.0434390031470542e-49,0.35647872640230993
taxa_cvli,feature,36.77284810981347,5.1397673880521645e-08,0.05718949939317802
taxa_estupro_total,feature,57.316771897129826,2.199328595240698e-12,0.08913961414794686
taxa_furto_outros,feature,168.9943382621086,2.097825181844077e-36,0.26282167692396363
taxa_furto_veiculo,feature,249.8461753000745,7.064748658320742e-54,0.38856325863153107
taxa_lesao_dolosa,feature,57.904158685151906,1.647713058662123e-12,0.09005312392714138
taxa_roubo_outros,feature,275.0719164479887,2.466753694170518e-59,0.42779458234523904
taxa_roubo_veiculo,feature,250.0186214139333,6.483345386127387e-54,0.38883144854421975
taxa_tentativa_homicidio,feature,19.044128355118907,0.00026771460396349305,0.029617617970635935
taxa_trafico,feature,76.91628811884642,1.4071150037058094e-16,0.11962097685668184
pib_percapita,feature,139.03202041980194,6.111791337978484e-30,0.21622398199036072
prop_esgoto_adequado,feature,213.69801050785838,4.623013135890641e-46,0.33234527295156824
prop_lixo_coletado,feature,271.12576036733844,1.761601569067348e-58,0.42165748113116397
renda_domiciliar_mediana,feature,185.36104027014508,6.1324654443668236e-40,0.2882753347902723
taxa_alfabetizacao,feature,317.96097629611114,1.2886581568632306e-68,0.49449607511059274
taxa_urbanizacao,feature,315.3044179053848,4.843859856146099e-68,0.49036456905969644
i_amb_ord,feature,168.4617327010589,2.733667317485347e-36,0.2619933634542129
i_cidade_ord,feature,207.32886910223084,1.1001649897360013e-44,0.3224399208432828
i_educ_ord,feature,140.06772838420054,3.6547392845707294e-30,0.21783472532535075
i_fiscal_ord,feature,46.10683162069273,5.382472552350791e-10,0.07170580345364344
i_gov_ti_ord,feature,232.15310325030418,4.734566749419793e-50,0.3610468168745011
i_planejamento_ord,feature,22.51441342867991,5.0976581138186944e-05,0.035014639857978085
i_saude_ord,feature,168.21975925130948,3.083053373996098e-36,0.2616170439367177
