algoritmo,k,silhueta,calinski_harabasz,davies_bouldin,menor_grupo,ari_2023_2024,ari_2024_2025,ari_sem_pequenos,ari_estabilidade,ari_sementes_media,ari_sementes_min,passa_tamanho,candidato_qualidade,observacao
kmeans,2,0.1355434405396321,119.029185769751,2.2162276627787856,302,0.8970375570305043,0.9088594507415626,0.7436019619930975,0.8498329899217215,0.981482184281068,0.96913697380178,True,True,
kmeans,3,0.128994991229612,92.10998851527724,2.2098986149652404,76,0.8175897603092721,0.9005710451074479,0.5118712793278918,0.7433440282482039,0.45057545841863356,0.26944408014355997,True,True,
kmeans,4,0.1008613106003212,83.20256575283408,2.1693523845229765,66,0.8912641679252327,0.9121547515121318,0.4799323827234945,0.7611171007202863,0.9289267837623978,0.8495203704281272,True,True,
kmeans,5,0.0895211198130931,72.68422175548041,2.3729893254283616,67,0.850454159593603,0.8353338761210267,0.5779020429426397,0.7545633595524232,0.6793293970413684,0.37074267778719994,True,False,
kmeans,6,0.0883195768777353,64.48666404905272,2.3941926404502047,64,0.8362774647672206,0.7916209574064557,0.7816554595081967,0.803184627227291,0.5835925397509173,0.36037716240026413,True,False,
kmeans,7,0.0885934388969348,58.16606252960373,2.3263866377818583,21,0.768653461126779,0.6873633578896563,0.559715121176162,0.6719106467308658,0.5604294631591691,0.3498320823697749,False,False,
kmeans,8,0.0840305980862947,53.31076861855831,2.253129410710905,23,0.7532711719909339,0.511711387703977,0.5315423459529642,0.5988416352159583,0.5329637563528665,0.38821232882425577,False,False,
kmeans,9,0.0765284469277723,49.64340886792256,2.3106932858438824,21,0.5987818546998963,0.696971844696214,0.467841879475887,0.5878651929573324,0.48961280822773856,0.3175203734057225,False,False,
kmeans,10,0.0731177855422075,46.3940811369855,2.3361780483917367,20,0.45495227289221335,0.4067388225954975,0.47925069576558266,0.44698059708443116,0.4388119856114134,0.31570781621532346,False,False,
ward,2,0.1136276328456393,100.54552228633412,2.2974919007518557,238,0.43236233913157884,0.5091281131296364,0.44061185568896316,0.46070076931672616,,,True,True,
ward,3,0.1119904239404644,81.60895767773296,2.297456195800432,73,0.44339871095664174,0.5486865327247834,0.4403923358570582,0.4774925265128278,,,True,True,
ward,4,0.0937681295466877,69.19114429297338,2.4387664483375264,73,0.3241982210995878,0.34640688128284813,0.3149160901120546,0.3285070641648302,,,True,True,
ward,5,0.0768813501215947,60.88247866230228,2.495587182496516,73,0.281282671718902,0.3875450885357402,0.3695672300110057,0.3461316634218827,,,True,False,
ward,6,0.0328761342805482,53.776313138990105,2.7408221884136044,73,0.3115458703955693,0.3519756861980282,0.2695760420450065,0.31103253287953464,,,True,False,
ward,7,0.0314898460264685,48.977208840706616,2.6191455080559467,38,0.30479616677018884,0.3754310205247335,0.34700375471471345,0.342410314003212,,,True,False,
ward,8,0.0359451618617085,45.46329667536519,2.417608942524323,4,0.2917142745537229,0.35859985646058573,0.3312721476583535,0.3271954262242207,,,False,False,
ward,9,0.0410294938184364,42.51269621727624,2.299211620870345,4,0.31833867809431604,0.35469948675746293,0.29833996053280426,0.32379270846152775,,,False,False,
ward,10,0.0431665776146493,40.00776293712474,2.2355872320620302,4,0.3169710134948858,0.33137878482903804,0.2990783351921048,0.31580937783867624,,,False,False,
dbscan,1,,,,,,,,,,,False,False,"melhor da grade: min_pts=24, eps=2.322, ruído 0.3%; admitido no passo 1: não"
